<?xml version="1.0" encoding="UTF-8"?>
<project version="4">
  <component name="AndroidConfiguredLogFilters">
    <filters>
      <filter>
        <option name="name" value="app: sd.waleed.android" />
        <option name="packageNamePattern" value="sd.waleed.android" />
      </filter>
    </filters>
  </component>
  <component name="AndroidLayouts">
    <shared>
      <config />
    </shared>
    <layouts>
      <layout url="file://$PROJECT_DIR$/app/src/main/res/layout/main.xml">
        <config>
          <theme>@android:style/Theme.Holo</theme>
        </config>
      </layout>
    </layouts>
  </component>
  <component name="AndroidLogFilters">
    <option name="TOOL_WINDOW_CONFIGURED_FILTER" value="app: sd.waleed.android" />
  </component>
  <component name="ChangeListManager">
    <list default="true" id="7042a6c6-6fec-4758-bc46-1efd436abdc6" name="Default" comment="">
      <change type="NEW" beforePath="" afterPath="$PROJECT_DIR$/app/app.iml" />
      <change type="NEW" beforePath="" afterPath="$PROJECT_DIR$/app/src/main/res/layout/zekerrow.xml" />
      <change type="DELETED" beforePath="C:\Users\waleed\myprojects\Azkar\assets\azkardb.db" afterPath="" />
      <change type="DELETED" beforePath="C:\Users\waleed\myprojects\Azkar\bin\classes\sd\waleed\android\AzkarActivity.class" afterPath="" />
      <change type="DELETED" beforePath="C:\Users\waleed\myprojects\Azkar\bin\classes\sd\waleed\android\AzkarHelper.class" afterPath="" />
      <change type="DELETED" beforePath="C:\Users\waleed\myprojects\Azkar\bin\classes\sd\waleed\android\R$attr.class" afterPath="" />
      <change type="DELETED" beforePath="C:\Users\waleed\myprojects\Azkar\bin\classes\sd\waleed\android\R$color.class" afterPath="" />
      <change type="DELETED" beforePath="C:\Users\waleed\myprojects\Azkar\bin\classes\sd\waleed\android\R$drawable.class" afterPath="" />
      <change type="DELETED" beforePath="C:\Users\waleed\myprojects\Azkar\bin\classes\sd\waleed\android\R$id.class" afterPath="" />
      <change type="DELETED" beforePath="C:\Users\waleed\myprojects\Azkar\bin\classes\sd\waleed\android\R$layout.class" afterPath="" />
      <change type="DELETED" beforePath="C:\Users\waleed\myprojects\Azkar\bin\classes\sd\waleed\android\R$string.class" afterPath="" />
      <change type="DELETED" beforePath="C:\Users\waleed\myprojects\Azkar\bin\classes\sd\waleed\android\R.class" afterPath="" />
      <change type="DELETED" beforePath="C:\Users\waleed\myprojects\Azkar\bin\classes\sd\waleed\android\ZekerScreen.class" afterPath="" />
      <change type="DELETED" beforePath="C:\Users\waleed\myprojects\Azkar\gen\sd\waleed\android\R.java" afterPath="" />
      <change type="DELETED" beforePath="C:\Users\waleed\myprojects\Azkar\proguard.cfg" afterPath="" />
      <change type="DELETED" beforePath="C:\Users\waleed\myprojects\Azkar\project.properties" afterPath="" />
      <change type="DELETED" beforePath="C:\Users\waleed\myprojects\Azkar\res\drawable\ic_button.9.png" afterPath="" />
      <change type="DELETED" beforePath="C:\Users\waleed\myprojects\Azkar\res\drawable\ic_button_pressed.9.png" afterPath="" />
      <change type="DELETED" beforePath="C:\Users\waleed\myprojects\Azkar\res\drawable\ic_launcher.png" afterPath="" />
      <change type="DELETED" beforePath="C:\Users\waleed\myprojects\Azkar\res\layout\button_backgrnd.xml" afterPath="" />
      <change type="DELETED" beforePath="C:\Users\waleed\myprojects\Azkar\res\layout\main.xml" afterPath="" />
      <change type="DELETED" beforePath="C:\Users\waleed\myprojects\Azkar\res\layout\zekerscreen.xml" afterPath="" />
      <change type="DELETED" beforePath="C:\Users\waleed\myprojects\Azkar\res\values\strings.xml" afterPath="" />
      <change type="DELETED" beforePath="C:\Users\waleed\myprojects\Azkar\src\sd\waleed\android\AzkarActivity.java" afterPath="" />
      <change type="DELETED" beforePath="C:\Users\waleed\myprojects\Azkar\src\sd\waleed\android\AzkarHelper.java" afterPath="" />
      <change type="DELETED" beforePath="C:\Users\waleed\myprojects\Azkar\src\sd\waleed\android\ZekerScreen.java" afterPath="" />
    </list>
    <ignored path="Azkar.iws" />
    <ignored path=".idea/workspace.xml" />
    <option name="TRACKING_ENABLED" value="true" />
    <option name="SHOW_DIALOG" value="false" />
    <option name="HIGHLIGHT_CONFLICTS" value="true" />
    <option name="HIGHLIGHT_NON_ACTIVE_CHANGELIST" value="false" />
    <option name="LAST_RESOLUTION" value="IGNORE" />
  </component>
  <component name="ChangesViewManager" flattened_view="true" show_ignored="false" />
  <component name="CreatePatchCommitExecutor">
    <option name="PATCH_PATH" value="" />
  </component>
  <component name="DaemonCodeAnalyzer">
    <disable_hints />
  </component>
  <component name="ExecutionTargetManager" SELECTED_TARGET="default_target" />
  <component name="FavoritesManager">
    <favorites_list name="Azkar" />
  </component>
  <component name="FileEditorManager">
    <leaf>
      <file leaf-file-name="main.xml" pinned="false" current="false" current-in-tab="false">
        <entry file="file://$PROJECT_DIR$/app/src/main/res/layout/main.xml">
          <provider editor-type-id="android-designer">
            <state />
          </provider>
          <provider selected="true" editor-type-id="text-editor">
            <state vertical-scroll-proportion="-2.5185184" vertical-offset="0" max-vertical-offset="37502">
              <caret line="4" column="24" selection-start-line="4" selection-start-column="24" selection-end-line="4" selection-end-column="33" />
              <folding>
                <element signature="e#676#691#0" expanded="true" />
                <element signature="e#1743#1772#0" expanded="true" />
                <element signature="e#2399#2420#0" expanded="true" />
                <element signature="e#3044#3062#0" expanded="true" />
                <element signature="e#3692#3716#0" expanded="true" />
                <element signature="e#4346#4370#0" expanded="true" />
                <element signature="e#4998#5020#0" expanded="true" />
                <element signature="e#5645#5664#0" expanded="true" />
                <element signature="e#6290#6310#0" expanded="true" />
                <element signature="e#6935#6954#0" expanded="true" />
                <element signature="e#7578#7596#0" expanded="true" />
                <element signature="e#8221#8240#0" expanded="true" />
                <element signature="e#8864#8882#0" expanded="true" />
                <element signature="e#9509#9530#0" expanded="true" />
                <element signature="e#10156#10176#0" expanded="true" />
                <element signature="e#10796#10810#0" expanded="true" />
                <element signature="e#11433#11450#0" expanded="true" />
                <element signature="e#12070#12084#0" expanded="true" />
                <element signature="e#12708#12726#0" expanded="true" />
                <element signature="e#13347#13362#0" expanded="true" />
                <element signature="e#13992#14016#0" expanded="true" />
                <element signature="e#14643#14664#0" expanded="true" />
                <element signature="e#15288#15306#0" expanded="true" />
                <element signature="e#15935#15958#0" expanded="true" />
                <element signature="e#16591#16618#0" expanded="true" />
                <element signature="e#17244#17264#0" expanded="true" />
                <element signature="e#17888#17906#0" expanded="true" />
                <element signature="e#18532#18552#0" expanded="true" />
                <element signature="e#19173#19188#0" expanded="true" />
                <element signature="e#19811#19828#0" expanded="true" />
                <element signature="e#20455#20476#0" expanded="true" />
                <element signature="e#21096#21110#0" expanded="true" />
                <element signature="e#21738#21760#0" expanded="true" />
                <element signature="e#22390#22414#0" expanded="true" />
                <element signature="e#23035#23050#0" expanded="true" />
                <element signature="e#23671#23686#0" expanded="true" />
                <element signature="e#24306#24320#0" expanded="true" />
                <element signature="e#24950#24974#0" expanded="true" />
                <element signature="e#25599#25618#0" expanded="true" />
                <element signature="e#26244#26264#0" expanded="true" />
                <element signature="e#26892#26914#0" expanded="true" />
                <element signature="e#27541#27562#0" expanded="true" />
                <element signature="e#28192#28216#0" expanded="true" />
                <element signature="e#28841#28860#0" expanded="true" />
                <element signature="e#29483#29500#0" expanded="true" />
                <element signature="e#30129#30152#0" expanded="true" />
                <element signature="e#30778#30798#0" expanded="true" />
                <element signature="e#31421#31438#0" expanded="true" />
                <element signature="e#32069#32094#0" expanded="true" />
                <element signature="e#32723#32746#0" expanded="true" />
                <element signature="e#33378#33404#0" expanded="true" />
                <element signature="e#34037#34064#0" expanded="true" />
                <element signature="e#34688#34706#0" expanded="true" />
                <element signature="e#35329#35346#0" expanded="true" />
                <element signature="e#35974#35996#0" expanded="true" />
                <element signature="e#36628#36654#0" expanded="true" />
                <element signature="e#37281#37302#0" expanded="true" />
                <element signature="e#37924#37939#0" expanded="true" />
                <element signature="e#38568#38590#0" expanded="true" />
                <element signature="e#39216#39235#0" expanded="true" />
                <element signature="e#39865#39888#0" expanded="true" />
                <element signature="e#40509#40523#0" expanded="true" />
                <element signature="e#41144#41158#0" expanded="true" />
                <element signature="e#41783#41801#0" expanded="true" />
                <element signature="e#42423#42438#0" expanded="true" />
                <element signature="e#43065#43085#0" expanded="true" />
                <element signature="e#43710#43728#0" expanded="true" />
                <element signature="e#44350#44365#0" expanded="true" />
                <element signature="e#44995#45018#0" expanded="true" />
                <element signature="e#45646#45667#0" expanded="true" />
                <element signature="e#46295#46316#0" expanded="true" />
                <element signature="e#46953#46983#0" expanded="true" />
                <element signature="e#47609#47628#0" expanded="true" />
                <element signature="e#48257#48279#0" expanded="true" />
                <element signature="e#48908#48930#0" expanded="true" />
                <element signature="e#49557#49577#0" expanded="true" />
                <element signature="e#50208#50232#0" expanded="true" />
                <element signature="e#50853#50867#0" expanded="true" />
                <element signature="e#51495#51516#0" expanded="true" />
                <element signature="e#52144#52165#0" expanded="true" />
                <element signature="e#52796#52820#0" expanded="true" />
                <element signature="e#53445#53463#0" expanded="true" />
                <element signature="e#54085#54100#0" expanded="true" />
                <element signature="e#54729#54751#0" expanded="true" />
                <element signature="e#55376#55394#0" expanded="true" />
                <element signature="e#56024#56047#0" expanded="true" />
                <element signature="e#56679#56704#0" expanded="true" />
                <element signature="e#57333#57355#0" expanded="true" />
                <element signature="e#57984#58006#0" expanded="true" />
                <element signature="e#58635#58657#0" expanded="true" />
                <element signature="e#59287#59310#0" expanded="true" />
                <element signature="e#59943#59969#0" expanded="true" />
                <element signature="e#60599#60622#0" expanded="true" />
                <element signature="e#61257#61285#0" expanded="true" />
                <element signature="e#61915#61938#0" expanded="true" />
                <element signature="e#62566#62587#0" expanded="true" />
                <element signature="e#63209#63224#0" expanded="true" />
                <element signature="e#63851#63871#0" expanded="true" />
                <element signature="e#64497#64516#0" expanded="true" />
                <element signature="e#65146#65169#0" expanded="true" />
                <element signature="e#65801#65826#0" expanded="true" />
                <element signature="e#66458#66483#0" expanded="true" />
                <element signature="e#67113#67136#0" expanded="true" />
                <element signature="e#67767#67791#0" expanded="true" />
                <element signature="e#68417#68437#0" expanded="true" />
                <element signature="e#69064#69085#0" expanded="true" />
                <element signature="e#69718#69745#0" expanded="true" />
                <element signature="e#70379#70407#0" expanded="true" />
                <element signature="e#71036#71059#0" expanded="true" />
                <element signature="e#71689#71713#0" expanded="true" />
                <element signature="e#72339#72359#0" expanded="true" />
                <element signature="e#72987#73009#0" expanded="true" />
                <element signature="e#73634#73653#0" expanded="true" />
                <element signature="e#74278#74297#0" expanded="true" />
                <element signature="e#74923#74943#0" expanded="true" />
                <element signature="e#75572#75595#0" expanded="true" />
                <element signature="e#76223#76245#0" expanded="true" />
                <element signature="e#76878#76905#0" expanded="true" />
                <element signature="e#77539#77567#0" expanded="true" />
                <element signature="e#78188#78203#0" expanded="true" />
                <element signature="e#78830#78851#0" expanded="true" />
                <element signature="e#79478#79499#0" expanded="true" />
                <element signature="e#80122#80139#0" expanded="true" />
                <element signature="e#80764#80783#0" expanded="true" />
                <element signature="e#81404#81419#0" expanded="true" />
                <element signature="e#82047#82069#0" expanded="true" />
                <element signature="e#82694#82713#0" expanded="true" />
                <element signature="e#83333#83347#0" expanded="true" />
                <element signature="e#83980#84007#0" expanded="true" />
                <element signature="e#84637#84661#0" expanded="true" />
                <element signature="e#85288#85309#0" expanded="true" />
                <element signature="e#85941#85967#0" expanded="true" />
                <element signature="e#86597#86621#0" expanded="true" />
              </folding>
            </state>
          </provider>
        </entry>
      </file>
      <file leaf-file-name="zekerscreen.xml" pinned="false" current="true" current-in-tab="true">
        <entry file="file://$PROJECT_DIR$/app/src/main/res/layout/zekerscreen.xml">
          <provider editor-type-id="android-designer">
            <state />
          </provider>
          <provider selected="true" editor-type-id="text-editor">
            <state vertical-scroll-proportion="0.9386503" vertical-offset="0" max-vertical-offset="493">
              <caret line="18" column="15" selection-start-line="18" selection-start-column="15" selection-end-line="18" selection-end-column="15" />
              <folding />
            </state>
          </provider>
        </entry>
      </file>
      <file leaf-file-name="ZekerScreen.java" pinned="false" current="false" current-in-tab="false">
        <entry file="file://$PROJECT_DIR$/app/src/main/java/sd/waleed/android/ZekerScreen.java">
          <provider selected="true" editor-type-id="text-editor">
            <state vertical-scroll-proportion="0.0" vertical-offset="970" max-vertical-offset="1530">
              <caret line="89" column="4" selection-start-line="89" selection-start-column="4" selection-end-line="89" selection-end-column="4" />
              <folding />
            </state>
          </provider>
        </entry>
      </file>
      <file leaf-file-name="zekerrow.xml" pinned="false" current="false" current-in-tab="false">
        <entry file="file://$PROJECT_DIR$/app/src/main/res/layout/zekerrow.xml">
          <provider editor-type-id="android-designer">
            <state />
          </provider>
          <provider selected="true" editor-type-id="text-editor">
            <state vertical-scroll-proportion="-7.5555553" vertical-offset="0" max-vertical-offset="306">
              <caret line="12" column="15" selection-start-line="12" selection-start-column="15" selection-end-line="12" selection-end-column="15" />
              <folding />
            </state>
          </provider>
        </entry>
      </file>
    </leaf>
  </component>
  <component name="FindManager">
    <FindUsagesManager>
      <setting name="OPEN_NEW_TAB" value="true" />
    </FindUsagesManager>
  </component>
  <component name="Git.Settings">
    <option name="RECENT_GIT_ROOT_PATH" value="$PROJECT_DIR$" />
  </component>
  <component name="GradleLocalSettings">
    <option name="tasksExpandState">
      <map>
        <entry key="" value="true" />
      </map>
    </option>
    <option name="availableProjects">
      <map>
        <entry>
          <key>
            <ExternalProjectPojo>
              <option name="name" value="Azkar" />
              <option name="path" value="$PROJECT_DIR$" />
            </ExternalProjectPojo>
          </key>
          <value>
            <list>
              <ExternalProjectPojo>
                <option name="name" value=":app" />
                <option name="path" value="$PROJECT_DIR$/app" />
              </ExternalProjectPojo>
              <ExternalProjectPojo>
                <option name="name" value="Azkar" />
                <option name="path" value="$PROJECT_DIR$" />
              </ExternalProjectPojo>
            </list>
          </value>
        </entry>
      </map>
    </option>
    <option name="availableTasks">
      <map>
        <entry key="$PROJECT_DIR$/app">
          <value>
            <list>
              <ExternalTaskPojo>
                <option name="description" value="Displays the Android dependencies of the project" />
                <option name="linkedExternalProjectPath" value="$PROJECT_DIR$/app" />
                <option name="name" value="androidDependencies" />
              </ExternalTaskPojo>
              <ExternalTaskPojo>
                <option name="description" value="Assembles all variants of all applications and secondary packages." />
                <option name="linkedExternalProjectPath" value="$PROJECT_DIR$/app" />
                <option name="name" value="assemble" />
              </ExternalTaskPojo>
              <ExternalTaskPojo>
                <option name="description" value="Assembles all Debug builds" />
                <option name="linkedExternalProjectPath" value="$PROJECT_DIR$/app" />
                <option name="name" value="assembleDebug" />
              </ExternalTaskPojo>
              <ExternalTaskPojo>
                <option name="description" value="Assembles the Test build for the Debug build" />
                <option name="linkedExternalProjectPath" value="$PROJECT_DIR$/app" />
                <option name="name" value="assembleDebugTest" />
              </ExternalTaskPojo>
              <ExternalTaskPojo>
                <option name="description" value="Assembles all Release builds" />
                <option name="linkedExternalProjectPath" value="$PROJECT_DIR$/app" />
                <option name="name" value="assembleRelease" />
              </ExternalTaskPojo>
              <ExternalTaskPojo>
                <option name="description" value="Assembles and tests this project." />
                <option name="linkedExternalProjectPath" value="$PROJECT_DIR$/app" />
                <option name="name" value="build" />
              </ExternalTaskPojo>
              <ExternalTaskPojo>
                <option name="description" value="Assembles and tests this project and all projects that depend on it." />
                <option name="linkedExternalProjectPath" value="$PROJECT_DIR$/app" />
                <option name="name" value="buildDependents" />
              </ExternalTaskPojo>
              <ExternalTaskPojo>
                <option name="description" value="Assembles and tests this project and all projects it depends on." />
                <option name="linkedExternalProjectPath" value="$PROJECT_DIR$/app" />
                <option name="name" value="buildNeeded" />
              </ExternalTaskPojo>
              <ExternalTaskPojo>
                <option name="description" value="Runs all checks." />
                <option name="linkedExternalProjectPath" value="$PROJECT_DIR$/app" />
                <option name="name" value="check" />
              </ExternalTaskPojo>
              <ExternalTaskPojo>
                <option name="linkedExternalProjectPath" value="$PROJECT_DIR$/app" />
                <option name="name" value="checkDebugManifest" />
              </ExternalTaskPojo>
              <ExternalTaskPojo>
                <option name="linkedExternalProjectPath" value="$PROJECT_DIR$/app" />
                <option name="name" value="checkReleaseManifest" />
              </ExternalTaskPojo>
              <ExternalTaskPojo>
                <option name="description" value="Deletes the build directory." />
                <option name="linkedExternalProjectPath" value="$PROJECT_DIR$/app" />
                <option name="name" value="clean" />
              </ExternalTaskPojo>
              <ExternalTaskPojo>
                <option name="linkedExternalProjectPath" value="$PROJECT_DIR$/app" />
                <option name="name" value="compileDebugAidl" />
              </ExternalTaskPojo>
              <ExternalTaskPojo>
                <option name="linkedExternalProjectPath" value="$PROJECT_DIR$/app" />
                <option name="name" value="compileDebugJava" />
              </ExternalTaskPojo>
              <ExternalTaskPojo>
                <option name="linkedExternalProjectPath" value="$PROJECT_DIR$/app" />
                <option name="name" value="compileDebugNdk" />
              </ExternalTaskPojo>
              <ExternalTaskPojo>
                <option name="linkedExternalProjectPath" value="$PROJECT_DIR$/app" />
                <option name="name" value="compileDebugRenderscript" />
              </ExternalTaskPojo>
              <ExternalTaskPojo>
                <option name="linkedExternalProjectPath" value="$PROJECT_DIR$/app" />
                <option name="name" value="compileDebugSources" />
              </ExternalTaskPojo>
              <ExternalTaskPojo>
                <option name="linkedExternalProjectPath" value="$PROJECT_DIR$/app" />
                <option name="name" value="compileDebugTestAidl" />
              </ExternalTaskPojo>
              <ExternalTaskPojo>
                <option name="linkedExternalProjectPath" value="$PROJECT_DIR$/app" />
                <option name="name" value="compileDebugTestJava" />
              </ExternalTaskPojo>
              <ExternalTaskPojo>
                <option name="linkedExternalProjectPath" value="$PROJECT_DIR$/app" />
                <option name="name" value="compileDebugTestNdk" />
              </ExternalTaskPojo>
              <ExternalTaskPojo>
                <option name="linkedExternalProjectPath" value="$PROJECT_DIR$/app" />
                <option name="name" value="compileDebugTestRenderscript" />
              </ExternalTaskPojo>
              <ExternalTaskPojo>
                <option name="linkedExternalProjectPath" value="$PROJECT_DIR$/app" />
                <option name="name" value="compileDebugTestSources" />
              </ExternalTaskPojo>
              <ExternalTaskPojo>
                <option name="linkedExternalProjectPath" value="$PROJECT_DIR$/app" />
                <option name="name" value="compileLint" />
              </ExternalTaskPojo>
              <ExternalTaskPojo>
                <option name="linkedExternalProjectPath" value="$PROJECT_DIR$/app" />
                <option name="name" value="compileReleaseAidl" />
              </ExternalTaskPojo>
              <ExternalTaskPojo>
                <option name="linkedExternalProjectPath" value="$PROJECT_DIR$/app" />
                <option name="name" value="compileReleaseJava" />
              </ExternalTaskPojo>
              <ExternalTaskPojo>
                <option name="linkedExternalProjectPath" value="$PROJECT_DIR$/app" />
                <option name="name" value="compileReleaseNdk" />
              </ExternalTaskPojo>
              <ExternalTaskPojo>
                <option name="linkedExternalProjectPath" value="$PROJECT_DIR$/app" />
                <option name="name" value="compileReleaseRenderscript" />
              </ExternalTaskPojo>
              <ExternalTaskPojo>
                <option name="linkedExternalProjectPath" value="$PROJECT_DIR$/app" />
                <option name="name" value="compileReleaseSources" />
              </ExternalTaskPojo>
              <ExternalTaskPojo>
                <option name="description" value="Installs and runs the tests for Build 'debug' on connected devices." />
                <option name="linkedExternalProjectPath" value="$PROJECT_DIR$/app" />
                <option name="name" value="connectedAndroidTest" />
              </ExternalTaskPojo>
              <ExternalTaskPojo>
                <option name="description" value="Runs all device checks on currently connected devices." />
                <option name="linkedExternalProjectPath" value="$PROJECT_DIR$/app" />
                <option name="name" value="connectedCheck" />
              </ExternalTaskPojo>
              <ExternalTaskPojo>
                <option name="description" value="Runs all device checks using Device Providers and Test Servers." />
                <option name="linkedExternalProjectPath" value="$PROJECT_DIR$/app" />
                <option name="name" value="deviceCheck" />
              </ExternalTaskPojo>
              <ExternalTaskPojo>
                <option name="linkedExternalProjectPath" value="$PROJECT_DIR$/app" />
                <option name="name" value="dexDebug" />
              </ExternalTaskPojo>
              <ExternalTaskPojo>
                <option name="linkedExternalProjectPath" value="$PROJECT_DIR$/app" />
                <option name="name" value="dexDebugTest" />
              </ExternalTaskPojo>
              <ExternalTaskPojo>
                <option name="linkedExternalProjectPath" value="$PROJECT_DIR$/app" />
                <option name="name" value="dexRelease" />
              </ExternalTaskPojo>
              <ExternalTaskPojo>
                <option name="linkedExternalProjectPath" value="$PROJECT_DIR$/app" />
                <option name="name" value="generateDebugAssets" />
              </ExternalTaskPojo>
              <ExternalTaskPojo>
                <option name="linkedExternalProjectPath" value="$PROJECT_DIR$/app" />
                <option name="name" value="generateDebugBuildConfig" />
              </ExternalTaskPojo>
              <ExternalTaskPojo>
                <option name="linkedExternalProjectPath" value="$PROJECT_DIR$/app" />
                <option name="name" value="generateDebugResValues" />
              </ExternalTaskPojo>
              <ExternalTaskPojo>
                <option name="linkedExternalProjectPath" value="$PROJECT_DIR$/app" />
                <option name="name" value="generateDebugResources" />
              </ExternalTaskPojo>
              <ExternalTaskPojo>
                <option name="linkedExternalProjectPath" value="$PROJECT_DIR$/app" />
                <option name="name" value="generateDebugSources" />
              </ExternalTaskPojo>
              <ExternalTaskPojo>
                <option name="linkedExternalProjectPath" value="$PROJECT_DIR$/app" />
                <option name="name" value="generateDebugTestAssets" />
              </ExternalTaskPojo>
              <ExternalTaskPojo>
                <option name="linkedExternalProjectPath" value="$PROJECT_DIR$/app" />
                <option name="name" value="generateDebugTestBuildConfig" />
              </ExternalTaskPojo>
              <ExternalTaskPojo>
                <option name="linkedExternalProjectPath" value="$PROJECT_DIR$/app" />
                <option name="name" value="generateDebugTestResValues" />
              </ExternalTaskPojo>
              <ExternalTaskPojo>
                <option name="linkedExternalProjectPath" value="$PROJECT_DIR$/app" />
                <option name="name" value="generateDebugTestResources" />
              </ExternalTaskPojo>
              <ExternalTaskPojo>
                <option name="linkedExternalProjectPath" value="$PROJECT_DIR$/app" />
                <option name="name" value="generateDebugTestSources" />
              </ExternalTaskPojo>
              <ExternalTaskPojo>
                <option name="linkedExternalProjectPath" value="$PROJECT_DIR$/app" />
                <option name="name" value="generateReleaseAssets" />
              </ExternalTaskPojo>
              <ExternalTaskPojo>
                <option name="linkedExternalProjectPath" value="$PROJECT_DIR$/app" />
                <option name="name" value="generateReleaseBuildConfig" />
              </ExternalTaskPojo>
              <ExternalTaskPojo>
                <option name="linkedExternalProjectPath" value="$PROJECT_DIR$/app" />
                <option name="name" value="generateReleaseResValues" />
              </ExternalTaskPojo>
              <ExternalTaskPojo>
                <option name="linkedExternalProjectPath" value="$PROJECT_DIR$/app" />
                <option name="name" value="generateReleaseResources" />
              </ExternalTaskPojo>
              <ExternalTaskPojo>
                <option name="linkedExternalProjectPath" value="$PROJECT_DIR$/app" />
                <option name="name" value="generateReleaseSources" />
              </ExternalTaskPojo>
              <ExternalTaskPojo>
                <option name="description" value="Installs the Debug build" />
                <option name="linkedExternalProjectPath" value="$PROJECT_DIR$/app" />
                <option name="name" value="installDebug" />
              </ExternalTaskPojo>
              <ExternalTaskPojo>
                <option name="description" value="Installs the Test build for the Debug build" />
                <option name="linkedExternalProjectPath" value="$PROJECT_DIR$/app" />
                <option name="name" value="installDebugTest" />
              </ExternalTaskPojo>
              <ExternalTaskPojo>
                <option name="description" value="Runs lint on all variants." />
                <option name="linkedExternalProjectPath" value="$PROJECT_DIR$/app" />
                <option name="name" value="lint" />
              </ExternalTaskPojo>
              <ExternalTaskPojo>
                <option name="description" value="Runs lint on the Debug build" />
                <option name="linkedExternalProjectPath" value="$PROJECT_DIR$/app" />
                <option name="name" value="lintDebug" />
              </ExternalTaskPojo>
              <ExternalTaskPojo>
                <option name="description" value="Runs lint on the Release build" />
                <option name="linkedExternalProjectPath" value="$PROJECT_DIR$/app" />
                <option name="name" value="lintRelease" />
              </ExternalTaskPojo>
              <ExternalTaskPojo>
                <option name="description" value="Runs lint on just the fatal issues in the Release build" />
                <option name="linkedExternalProjectPath" value="$PROJECT_DIR$/app" />
                <option name="name" value="lintVitalRelease" />
              </ExternalTaskPojo>
              <ExternalTaskPojo>
                <option name="linkedExternalProjectPath" value="$PROJECT_DIR$/app" />
                <option name="name" value="mergeDebugAssets" />
              </ExternalTaskPojo>
              <ExternalTaskPojo>
                <option name="linkedExternalProjectPath" value="$PROJECT_DIR$/app" />
                <option name="name" value="mergeDebugResources" />
              </ExternalTaskPojo>
              <ExternalTaskPojo>
                <option name="linkedExternalProjectPath" value="$PROJECT_DIR$/app" />
                <option name="name" value="mergeDebugTestAssets" />
              </ExternalTaskPojo>
              <ExternalTaskPojo>
                <option name="linkedExternalProjectPath" value="$PROJECT_DIR$/app" />
                <option name="name" value="mergeDebugTestResources" />
              </ExternalTaskPojo>
              <ExternalTaskPojo>
                <option name="linkedExternalProjectPath" value="$PROJECT_DIR$/app" />
                <option name="name" value="mergeReleaseAssets" />
              </ExternalTaskPojo>
              <ExternalTaskPojo>
                <option name="linkedExternalProjectPath" value="$PROJECT_DIR$/app" />
                <option name="name" value="mergeReleaseResources" />
              </ExternalTaskPojo>
              <ExternalTaskPojo>
                <option name="linkedExternalProjectPath" value="$PROJECT_DIR$/app" />
                <option name="name" value="packageDebug" />
              </ExternalTaskPojo>
              <ExternalTaskPojo>
                <option name="linkedExternalProjectPath" value="$PROJECT_DIR$/app" />
                <option name="name" value="packageDebugTest" />
              </ExternalTaskPojo>
              <ExternalTaskPojo>
                <option name="linkedExternalProjectPath" value="$PROJECT_DIR$/app" />
                <option name="name" value="packageRelease" />
              </ExternalTaskPojo>
              <ExternalTaskPojo>
                <option name="linkedExternalProjectPath" value="$PROJECT_DIR$/app" />
                <option name="name" value="preBuild" />
              </ExternalTaskPojo>
              <ExternalTaskPojo>
                <option name="linkedExternalProjectPath" value="$PROJECT_DIR$/app" />
                <option name="name" value="preDebugBuild" />
              </ExternalTaskPojo>
              <ExternalTaskPojo>
                <option name="linkedExternalProjectPath" value="$PROJECT_DIR$/app" />
                <option name="name" value="preDebugTestBuild" />
              </ExternalTaskPojo>
              <ExternalTaskPojo>
                <option name="linkedExternalProjectPath" value="$PROJECT_DIR$/app" />
                <option name="name" value="preDexDebug" />
              </ExternalTaskPojo>
              <ExternalTaskPojo>
                <option name="linkedExternalProjectPath" value="$PROJECT_DIR$/app" />
                <option name="name" value="preDexDebugTest" />
              </ExternalTaskPojo>
              <ExternalTaskPojo>
                <option name="linkedExternalProjectPath" value="$PROJECT_DIR$/app" />
                <option name="name" value="preDexRelease" />
              </ExternalTaskPojo>
              <ExternalTaskPojo>
                <option name="linkedExternalProjectPath" value="$PROJECT_DIR$/app" />
                <option name="name" value="preReleaseBuild" />
              </ExternalTaskPojo>
              <ExternalTaskPojo>
                <option name="linkedExternalProjectPath" value="$PROJECT_DIR$/app" />
                <option name="name" value="prepareDebugDependencies" />
              </ExternalTaskPojo>
              <ExternalTaskPojo>
                <option name="linkedExternalProjectPath" value="$PROJECT_DIR$/app" />
                <option name="name" value="prepareDebugTestDependencies" />
              </ExternalTaskPojo>
              <ExternalTaskPojo>
                <option name="linkedExternalProjectPath" value="$PROJECT_DIR$/app" />
                <option name="name" value="prepareReleaseDependencies" />
              </ExternalTaskPojo>
              <ExternalTaskPojo>
                <option name="linkedExternalProjectPath" value="$PROJECT_DIR$/app" />
                <option name="name" value="processDebugJavaRes" />
              </ExternalTaskPojo>
              <ExternalTaskPojo>
                <option name="linkedExternalProjectPath" value="$PROJECT_DIR$/app" />
                <option name="name" value="processDebugManifest" />
              </ExternalTaskPojo>
              <ExternalTaskPojo>
                <option name="linkedExternalProjectPath" value="$PROJECT_DIR$/app" />
                <option name="name" value="processDebugResources" />
              </ExternalTaskPojo>
              <ExternalTaskPojo>
                <option name="linkedExternalProjectPath" value="$PROJECT_DIR$/app" />
                <option name="name" value="processDebugTestJavaRes" />
              </ExternalTaskPojo>
              <ExternalTaskPojo>
                <option name="linkedExternalProjectPath" value="$PROJECT_DIR$/app" />
                <option name="name" value="processDebugTestManifest" />
              </ExternalTaskPojo>
              <ExternalTaskPojo>
                <option name="linkedExternalProjectPath" value="$PROJECT_DIR$/app" />
                <option name="name" value="processDebugTestResources" />
              </ExternalTaskPojo>
              <ExternalTaskPojo>
                <option name="linkedExternalProjectPath" value="$PROJECT_DIR$/app" />
                <option name="name" value="processReleaseJavaRes" />
              </ExternalTaskPojo>
              <ExternalTaskPojo>
                <option name="linkedExternalProjectPath" value="$PROJECT_DIR$/app" />
                <option name="name" value="processReleaseManifest" />
              </ExternalTaskPojo>
              <ExternalTaskPojo>
                <option name="linkedExternalProjectPath" value="$PROJECT_DIR$/app" />
                <option name="name" value="processReleaseResources" />
              </ExternalTaskPojo>
              <ExternalTaskPojo>
                <option name="description" value="Displays the signing info for each variant" />
                <option name="linkedExternalProjectPath" value="$PROJECT_DIR$/app" />
                <option name="name" value="signingReport" />
              </ExternalTaskPojo>
              <ExternalTaskPojo>
                <option name="description" value="Uninstall all applications." />
                <option name="linkedExternalProjectPath" value="$PROJECT_DIR$/app" />
                <option name="name" value="uninstallAll" />
              </ExternalTaskPojo>
              <ExternalTaskPojo>
                <option name="description" value="Uninstalls the Debug build" />
                <option name="linkedExternalProjectPath" value="$PROJECT_DIR$/app" />
                <option name="name" value="uninstallDebug" />
              </ExternalTaskPojo>
              <ExternalTaskPojo>
                <option name="description" value="Uninstalls the Test build for the Debug build" />
                <option name="linkedExternalProjectPath" value="$PROJECT_DIR$/app" />
                <option name="name" value="uninstallDebugTest" />
              </ExternalTaskPojo>
              <ExternalTaskPojo>
                <option name="description" value="Uninstalls the Release build" />
                <option name="linkedExternalProjectPath" value="$PROJECT_DIR$/app" />
                <option name="name" value="uninstallRelease" />
              </ExternalTaskPojo>
              <ExternalTaskPojo>
                <option name="linkedExternalProjectPath" value="$PROJECT_DIR$/app" />
                <option name="name" value="validateDebugSigning" />
              </ExternalTaskPojo>
              <ExternalTaskPojo>
                <option name="linkedExternalProjectPath" value="$PROJECT_DIR$/app" />
                <option name="name" value="zipalignDebug" />
              </ExternalTaskPojo>
            </list>
          </value>
        </entry>
      </map>
    </option>
    <option name="modificationStamps">
      <map>
        <entry key="$PROJECT_DIR$" value="4262102619289" />
      </map>
    </option>
    <option name="projectBuildClasspath">
      <map>
        <entry key="$PROJECT_DIR$">
          <value>
            <ExternalProjectBuildClasspathPojo>
              <option name="modulesBuildClasspath">
                <map>
                  <entry key="$PROJECT_DIR$">
                    <value>
                      <ExternalModuleBuildClasspathPojo>
                        <option name="entries">
                          <list>
                            <option value="$APPLICATION_HOME_DIR$/gradle/m2repository/com/android/tools/build/builder/1.0.0/builder-1.0.0-sources.jar" />
                            <option value="$APPLICATION_HOME_DIR$/gradle/m2repository/com/android/tools/build/gradle/1.0.0/gradle-1.0.0-sources.jar" />
                            <option value="$APPLICATION_HOME_DIR$/gradle/m2repository/com/android/tools/build/builder-model/1.0.0/builder-model-1.0.0-sources.jar" />
                            <option value="$APPLICATION_HOME_DIR$/gradle/m2repository/com/android/tools/build/builder/1.0.0/builder-1.0.0.jar" />
                            <option value="$APPLICATION_HOME_DIR$/gradle/m2repository/com/android/tools/build/builder-model/1.0.0/builder-model-1.0.0.jar" />
                            <option value="$APPLICATION_HOME_DIR$/gradle/m2repository/com/android/tools/build/gradle/1.0.0/gradle-1.0.0.jar" />
                          </list>
                        </option>
                        <option name="path" value="$PROJECT_DIR$" />
                      </ExternalModuleBuildClasspathPojo>
                    </value>
                  </entry>
                  <entry key="$PROJECT_DIR$/app">
                    <value>
                      <ExternalModuleBuildClasspathPojo>
                        <option name="entries">
                          <list>
                            <option value="$APPLICATION_HOME_DIR$/gradle/m2repository/com/android/tools/build/builder/1.0.0/builder-1.0.0-sources.jar" />
                            <option value="$APPLICATION_HOME_DIR$/gradle/m2repository/com/android/tools/build/gradle/1.0.0/gradle-1.0.0-sources.jar" />
                            <option value="$APPLICATION_HOME_DIR$/gradle/m2repository/com/android/tools/build/builder-model/1.0.0/builder-model-1.0.0-sources.jar" />
                            <option value="$APPLICATION_HOME_DIR$/gradle/m2repository/com/android/tools/build/builder/1.0.0/builder-1.0.0.jar" />
                            <option value="$APPLICATION_HOME_DIR$/gradle/m2repository/com/android/tools/build/builder-model/1.0.0/builder-model-1.0.0.jar" />
                            <option value="$APPLICATION_HOME_DIR$/gradle/m2repository/com/android/tools/build/gradle/1.0.0/gradle-1.0.0.jar" />
                          </list>
                        </option>
                        <option name="path" value="$PROJECT_DIR$/app" />
                      </ExternalModuleBuildClasspathPojo>
                    </value>
                  </entry>
                </map>
              </option>
              <option name="name" value="app" />
              <option name="projectBuildClasspath">
                <list>
                  <option value="$USER_HOME$/.gradle/wrapper/dists/gradle-2.2.1-all/c64ydeuardnfqctvr1gm30w53/gradle-2.2.1/src/announce" />
                  <option value="$USER_HOME$/.gradle/wrapper/dists/gradle-2.2.1-all/c64ydeuardnfqctvr1gm30w53/gradle-2.2.1/src/antlr" />
                  <option value="$USER_HOME$/.gradle/wrapper/dists/gradle-2.2.1-all/c64ydeuardnfqctvr1gm30w53/gradle-2.2.1/src/base-services" />
                  <option value="$USER_HOME$/.gradle/wrapper/dists/gradle-2.2.1-all/c64ydeuardnfqctvr1gm30w53/gradle-2.2.1/src/base-services-groovy" />
                  <option value="$USER_HOME$/.gradle/wrapper/dists/gradle-2.2.1-all/c64ydeuardnfqctvr1gm30w53/gradle-2.2.1/src/build-comparison" />
                  <option value="$USER_HOME$/.gradle/wrapper/dists/gradle-2.2.1-all/c64ydeuardnfqctvr1gm30w53/gradle-2.2.1/src/build-init" />
                  <option value="$USER_HOME$/.gradle/wrapper/dists/gradle-2.2.1-all/c64ydeuardnfqctvr1gm30w53/gradle-2.2.1/src/cli" />
                  <option value="$USER_HOME$/.gradle/wrapper/dists/gradle-2.2.1-all/c64ydeuardnfqctvr1gm30w53/gradle-2.2.1/src/code-quality" />
                  <option value="$USER_HOME$/.gradle/wrapper/dists/gradle-2.2.1-all/c64ydeuardnfqctvr1gm30w53/gradle-2.2.1/src/core" />
                  <option value="$USER_HOME$/.gradle/wrapper/dists/gradle-2.2.1-all/c64ydeuardnfqctvr1gm30w53/gradle-2.2.1/src/cunit" />
                  <option value="$USER_HOME$/.gradle/wrapper/dists/gradle-2.2.1-all/c64ydeuardnfqctvr1gm30w53/gradle-2.2.1/src/dependency-management" />
                  <option value="$USER_HOME$/.gradle/wrapper/dists/gradle-2.2.1-all/c64ydeuardnfqctvr1gm30w53/gradle-2.2.1/src/diagnostics" />
                  <option value="$USER_HOME$/.gradle/wrapper/dists/gradle-2.2.1-all/c64ydeuardnfqctvr1gm30w53/gradle-2.2.1/src/ear" />
                  <option value="$USER_HOME$/.gradle/wrapper/dists/gradle-2.2.1-all/c64ydeuardnfqctvr1gm30w53/gradle-2.2.1/src/ide" />
                  <option value="$USER_HOME$/.gradle/wrapper/dists/gradle-2.2.1-all/c64ydeuardnfqctvr1gm30w53/gradle-2.2.1/src/ide-native" />
                  <option value="$USER_HOME$/.gradle/wrapper/dists/gradle-2.2.1-all/c64ydeuardnfqctvr1gm30w53/gradle-2.2.1/src/internal-integ-testing" />
                  <option value="$USER_HOME$/.gradle/wrapper/dists/gradle-2.2.1-all/c64ydeuardnfqctvr1gm30w53/gradle-2.2.1/src/internal-testing" />
                  <option value="$USER_HOME$/.gradle/wrapper/dists/gradle-2.2.1-all/c64ydeuardnfqctvr1gm30w53/gradle-2.2.1/src/ivy" />
                  <option value="$USER_HOME$/.gradle/wrapper/dists/gradle-2.2.1-all/c64ydeuardnfqctvr1gm30w53/gradle-2.2.1/src/jacoco" />
                  <option value="$USER_HOME$/.gradle/wrapper/dists/gradle-2.2.1-all/c64ydeuardnfqctvr1gm30w53/gradle-2.2.1/src/javascript" />
                  <option value="$USER_HOME$/.gradle/wrapper/dists/gradle-2.2.1-all/c64ydeuardnfqctvr1gm30w53/gradle-2.2.1/src/jetty" />
                  <option value="$USER_HOME$/.gradle/wrapper/dists/gradle-2.2.1-all/c64ydeuardnfqctvr1gm30w53/gradle-2.2.1/src/language-groovy" />
                  <option value="$USER_HOME$/.gradle/wrapper/dists/gradle-2.2.1-all/c64ydeuardnfqctvr1gm30w53/gradle-2.2.1/src/language-java" />
                  <option value="$USER_HOME$/.gradle/wrapper/dists/gradle-2.2.1-all/c64ydeuardnfqctvr1gm30w53/gradle-2.2.1/src/language-jvm" />
                  <option value="$USER_HOME$/.gradle/wrapper/dists/gradle-2.2.1-all/c64ydeuardnfqctvr1gm30w53/gradle-2.2.1/src/language-native" />
                  <option value="$USER_HOME$/.gradle/wrapper/dists/gradle-2.2.1-all/c64ydeuardnfqctvr1gm30w53/gradle-2.2.1/src/launcher" />
                  <option value="$USER_HOME$/.gradle/wrapper/dists/gradle-2.2.1-all/c64ydeuardnfqctvr1gm30w53/gradle-2.2.1/src/maven" />
                  <option value="$USER_HOME$/.gradle/wrapper/dists/gradle-2.2.1-all/c64ydeuardnfqctvr1gm30w53/gradle-2.2.1/src/messaging" />
                  <option value="$USER_HOME$/.gradle/wrapper/dists/gradle-2.2.1-all/c64ydeuardnfqctvr1gm30w53/gradle-2.2.1/src/model-core" />
                  <option value="$USER_HOME$/.gradle/wrapper/dists/gradle-2.2.1-all/c64ydeuardnfqctvr1gm30w53/gradle-2.2.1/src/model-groovy" />
                  <option value="$USER_HOME$/.gradle/wrapper/dists/gradle-2.2.1-all/c64ydeuardnfqctvr1gm30w53/gradle-2.2.1/src/native" />
                  <option value="$USER_HOME$/.gradle/wrapper/dists/gradle-2.2.1-all/c64ydeuardnfqctvr1gm30w53/gradle-2.2.1/src/open-api" />
                  <option value="$USER_HOME$/.gradle/wrapper/dists/gradle-2.2.1-all/c64ydeuardnfqctvr1gm30w53/gradle-2.2.1/src/osgi" />
                  <option value="$USER_HOME$/.gradle/wrapper/dists/gradle-2.2.1-all/c64ydeuardnfqctvr1gm30w53/gradle-2.2.1/src/platform-base" />
                  <option value="$USER_HOME$/.gradle/wrapper/dists/gradle-2.2.1-all/c64ydeuardnfqctvr1gm30w53/gradle-2.2.1/src/platform-jvm" />
                  <option value="$USER_HOME$/.gradle/wrapper/dists/gradle-2.2.1-all/c64ydeuardnfqctvr1gm30w53/gradle-2.2.1/src/platform-native" />
                  <option value="$USER_HOME$/.gradle/wrapper/dists/gradle-2.2.1-all/c64ydeuardnfqctvr1gm30w53/gradle-2.2.1/src/plugin-development" />
                  <option value="$USER_HOME$/.gradle/wrapper/dists/gradle-2.2.1-all/c64ydeuardnfqctvr1gm30w53/gradle-2.2.1/src/plugin-use" />
                  <option value="$USER_HOME$/.gradle/wrapper/dists/gradle-2.2.1-all/c64ydeuardnfqctvr1gm30w53/gradle-2.2.1/src/plugins" />
                  <option value="$USER_HOME$/.gradle/wrapper/dists/gradle-2.2.1-all/c64ydeuardnfqctvr1gm30w53/gradle-2.2.1/src/publish" />
                  <option value="$USER_HOME$/.gradle/wrapper/dists/gradle-2.2.1-all/c64ydeuardnfqctvr1gm30w53/gradle-2.2.1/src/reporting" />
                  <option value="$USER_HOME$/.gradle/wrapper/dists/gradle-2.2.1-all/c64ydeuardnfqctvr1gm30w53/gradle-2.2.1/src/resources" />
                  <option value="$USER_HOME$/.gradle/wrapper/dists/gradle-2.2.1-all/c64ydeuardnfqctvr1gm30w53/gradle-2.2.1/src/resources-http" />
                  <option value="$USER_HOME$/.gradle/wrapper/dists/gradle-2.2.1-all/c64ydeuardnfqctvr1gm30w53/gradle-2.2.1/src/scala" />
                  <option value="$USER_HOME$/.gradle/wrapper/dists/gradle-2.2.1-all/c64ydeuardnfqctvr1gm30w53/gradle-2.2.1/src/signing" />
                  <option value="$USER_HOME$/.gradle/wrapper/dists/gradle-2.2.1-all/c64ydeuardnfqctvr1gm30w53/gradle-2.2.1/src/sonar" />
                  <option value="$USER_HOME$/.gradle/wrapper/dists/gradle-2.2.1-all/c64ydeuardnfqctvr1gm30w53/gradle-2.2.1/src/tooling-api" />
                  <option value="$USER_HOME$/.gradle/wrapper/dists/gradle-2.2.1-all/c64ydeuardnfqctvr1gm30w53/gradle-2.2.1/src/ui" />
                  <option value="$USER_HOME$/.gradle/wrapper/dists/gradle-2.2.1-all/c64ydeuardnfqctvr1gm30w53/gradle-2.2.1/src/wrapper" />
                  <option value="$USER_HOME$/.gradle/wrapper/dists/gradle-2.2.1-all/c64ydeuardnfqctvr1gm30w53/gradle-2.2.1/lib/ant-1.9.3.jar" />
                  <option value="$USER_HOME$/.gradle/wrapper/dists/gradle-2.2.1-all/c64ydeuardnfqctvr1gm30w53/gradle-2.2.1/lib/ant-launcher-1.9.3.jar" />
                  <option value="$USER_HOME$/.gradle/wrapper/dists/gradle-2.2.1-all/c64ydeuardnfqctvr1gm30w53/gradle-2.2.1/lib/gradle-base-services-2.2.1.jar" />
                  <option value="$USER_HOME$/.gradle/wrapper/dists/gradle-2.2.1-all/c64ydeuardnfqctvr1gm30w53/gradle-2.2.1/lib/gradle-base-services-groovy-2.2.1.jar" />
                  <option value="$USER_HOME$/.gradle/wrapper/dists/gradle-2.2.1-all/c64ydeuardnfqctvr1gm30w53/gradle-2.2.1/lib/gradle-cli-2.2.1.jar" />
                  <option value="$USER_HOME$/.gradle/wrapper/dists/gradle-2.2.1-all/c64ydeuardnfqctvr1gm30w53/gradle-2.2.1/lib/gradle-core-2.2.1.jar" />
                  <option value="$USER_HOME$/.gradle/wrapper/dists/gradle-2.2.1-all/c64ydeuardnfqctvr1gm30w53/gradle-2.2.1/lib/gradle-docs-2.2.1.jar" />
                  <option value="$USER_HOME$/.gradle/wrapper/dists/gradle-2.2.1-all/c64ydeuardnfqctvr1gm30w53/gradle-2.2.1/lib/gradle-launcher-2.2.1.jar" />
                  <option value="$USER_HOME$/.gradle/wrapper/dists/gradle-2.2.1-all/c64ydeuardnfqctvr1gm30w53/gradle-2.2.1/lib/gradle-messaging-2.2.1.jar" />
                  <option value="$USER_HOME$/.gradle/wrapper/dists/gradle-2.2.1-all/c64ydeuardnfqctvr1gm30w53/gradle-2.2.1/lib/gradle-model-core-2.2.1.jar" />
                  <option value="$USER_HOME$/.gradle/wrapper/dists/gradle-2.2.1-all/c64ydeuardnfqctvr1gm30w53/gradle-2.2.1/lib/gradle-model-groovy-2.2.1.jar" />
                  <option value="$USER_HOME$/.gradle/wrapper/dists/gradle-2.2.1-all/c64ydeuardnfqctvr1gm30w53/gradle-2.2.1/lib/gradle-native-2.2.1.jar" />
                  <option value="$USER_HOME$/.gradle/wrapper/dists/gradle-2.2.1-all/c64ydeuardnfqctvr1gm30w53/gradle-2.2.1/lib/gradle-open-api-2.2.1.jar" />
                  <option value="$USER_HOME$/.gradle/wrapper/dists/gradle-2.2.1-all/c64ydeuardnfqctvr1gm30w53/gradle-2.2.1/lib/gradle-resources-2.2.1.jar" />
                  <option value="$USER_HOME$/.gradle/wrapper/dists/gradle-2.2.1-all/c64ydeuardnfqctvr1gm30w53/gradle-2.2.1/lib/gradle-tooling-api-2.2.1.jar" />
                  <option value="$USER_HOME$/.gradle/wrapper/dists/gradle-2.2.1-all/c64ydeuardnfqctvr1gm30w53/gradle-2.2.1/lib/gradle-ui-2.2.1.jar" />
                  <option value="$USER_HOME$/.gradle/wrapper/dists/gradle-2.2.1-all/c64ydeuardnfqctvr1gm30w53/gradle-2.2.1/lib/gradle-wrapper-2.2.1.jar" />
                  <option value="$USER_HOME$/.gradle/wrapper/dists/gradle-2.2.1-all/c64ydeuardnfqctvr1gm30w53/gradle-2.2.1/lib/groovy-all-2.3.6.jar" />
                  <option value="$USER_HOME$/.gradle/wrapper/dists/gradle-2.2.1-all/c64ydeuardnfqctvr1gm30w53/gradle-2.2.1/lib/plugins/ant-antlr-1.9.3.jar" />
                  <option value="$USER_HOME$/.gradle/wrapper/dists/gradle-2.2.1-all/c64ydeuardnfqctvr1gm30w53/gradle-2.2.1/lib/plugins/gradle-announce-2.2.1.jar" />
                  <option value="$USER_HOME$/.gradle/wrapper/dists/gradle-2.2.1-all/c64ydeuardnfqctvr1gm30w53/gradle-2.2.1/lib/plugins/gradle-antlr-2.2.1.jar" />
                  <option value="$USER_HOME$/.gradle/wrapper/dists/gradle-2.2.1-all/c64ydeuardnfqctvr1gm30w53/gradle-2.2.1/lib/plugins/gradle-build-comparison-2.2.1.jar" />
                  <option value="$USER_HOME$/.gradle/wrapper/dists/gradle-2.2.1-all/c64ydeuardnfqctvr1gm30w53/gradle-2.2.1/lib/plugins/gradle-build-init-2.2.1.jar" />
                  <option value="$USER_HOME$/.gradle/wrapper/dists/gradle-2.2.1-all/c64ydeuardnfqctvr1gm30w53/gradle-2.2.1/lib/plugins/gradle-code-quality-2.2.1.jar" />
                  <option value="$USER_HOME$/.gradle/wrapper/dists/gradle-2.2.1-all/c64ydeuardnfqctvr1gm30w53/gradle-2.2.1/lib/plugins/gradle-cunit-2.2.1.jar" />
                  <option value="$USER_HOME$/.gradle/wrapper/dists/gradle-2.2.1-all/c64ydeuardnfqctvr1gm30w53/gradle-2.2.1/lib/plugins/gradle-dependency-management-2.2.1.jar" />
                  <option value="$USER_HOME$/.gradle/wrapper/dists/gradle-2.2.1-all/c64ydeuardnfqctvr1gm30w53/gradle-2.2.1/lib/plugins/gradle-diagnostics-2.2.1.jar" />
                  <option value="$USER_HOME$/.gradle/wrapper/dists/gradle-2.2.1-all/c64ydeuardnfqctvr1gm30w53/gradle-2.2.1/lib/plugins/gradle-ear-2.2.1.jar" />
                  <option value="$USER_HOME$/.gradle/wrapper/dists/gradle-2.2.1-all/c64ydeuardnfqctvr1gm30w53/gradle-2.2.1/lib/plugins/gradle-ide-2.2.1.jar" />
                  <option value="$USER_HOME$/.gradle/wrapper/dists/gradle-2.2.1-all/c64ydeuardnfqctvr1gm30w53/gradle-2.2.1/lib/plugins/gradle-ide-native-2.2.1.jar" />
                  <option value="$USER_HOME$/.gradle/wrapper/dists/gradle-2.2.1-all/c64ydeuardnfqctvr1gm30w53/gradle-2.2.1/lib/plugins/gradle-ivy-2.2.1.jar" />
                  <option value="$USER_HOME$/.gradle/wrapper/dists/gradle-2.2.1-all/c64ydeuardnfqctvr1gm30w53/gradle-2.2.1/lib/plugins/gradle-jacoco-2.2.1.jar" />
                  <option value="$USER_HOME$/.gradle/wrapper/dists/gradle-2.2.1-all/c64ydeuardnfqctvr1gm30w53/gradle-2.2.1/lib/plugins/gradle-javascript-2.2.1.jar" />
                  <option value="$USER_HOME$/.gradle/wrapper/dists/gradle-2.2.1-all/c64ydeuardnfqctvr1gm30w53/gradle-2.2.1/lib/plugins/gradle-jetty-2.2.1.jar" />
                  <option value="$USER_HOME$/.gradle/wrapper/dists/gradle-2.2.1-all/c64ydeuardnfqctvr1gm30w53/gradle-2.2.1/lib/plugins/gradle-language-groovy-2.2.1.jar" />
                  <option value="$USER_HOME$/.gradle/wrapper/dists/gradle-2.2.1-all/c64ydeuardnfqctvr1gm30w53/gradle-2.2.1/lib/plugins/gradle-language-java-2.2.1.jar" />
                  <option value="$USER_HOME$/.gradle/wrapper/dists/gradle-2.2.1-all/c64ydeuardnfqctvr1gm30w53/gradle-2.2.1/lib/plugins/gradle-language-jvm-2.2.1.jar" />
                  <option value="$USER_HOME$/.gradle/wrapper/dists/gradle-2.2.1-all/c64ydeuardnfqctvr1gm30w53/gradle-2.2.1/lib/plugins/gradle-language-native-2.2.1.jar" />
                  <option value="$USER_HOME$/.gradle/wrapper/dists/gradle-2.2.1-all/c64ydeuardnfqctvr1gm30w53/gradle-2.2.1/lib/plugins/gradle-maven-2.2.1.jar" />
                  <option value="$USER_HOME$/.gradle/wrapper/dists/gradle-2.2.1-all/c64ydeuardnfqctvr1gm30w53/gradle-2.2.1/lib/plugins/gradle-osgi-2.2.1.jar" />
                  <option value="$USER_HOME$/.gradle/wrapper/dists/gradle-2.2.1-all/c64ydeuardnfqctvr1gm30w53/gradle-2.2.1/lib/plugins/gradle-platform-base-2.2.1.jar" />
                  <option value="$USER_HOME$/.gradle/wrapper/dists/gradle-2.2.1-all/c64ydeuardnfqctvr1gm30w53/gradle-2.2.1/lib/plugins/gradle-platform-jvm-2.2.1.jar" />
                  <option value="$USER_HOME$/.gradle/wrapper/dists/gradle-2.2.1-all/c64ydeuardnfqctvr1gm30w53/gradle-2.2.1/lib/plugins/gradle-platform-native-2.2.1.jar" />
                  <option value="$USER_HOME$/.gradle/wrapper/dists/gradle-2.2.1-all/c64ydeuardnfqctvr1gm30w53/gradle-2.2.1/lib/plugins/gradle-plugin-development-2.2.1.jar" />
                  <option value="$USER_HOME$/.gradle/wrapper/dists/gradle-2.2.1-all/c64ydeuardnfqctvr1gm30w53/gradle-2.2.1/lib/plugins/gradle-plugin-use-2.2.1.jar" />
                  <option value="$USER_HOME$/.gradle/wrapper/dists/gradle-2.2.1-all/c64ydeuardnfqctvr1gm30w53/gradle-2.2.1/lib/plugins/gradle-plugins-2.2.1.jar" />
                  <option value="$USER_HOME$/.gradle/wrapper/dists/gradle-2.2.1-all/c64ydeuardnfqctvr1gm30w53/gradle-2.2.1/lib/plugins/gradle-publish-2.2.1.jar" />
                  <option value="$USER_HOME$/.gradle/wrapper/dists/gradle-2.2.1-all/c64ydeuardnfqctvr1gm30w53/gradle-2.2.1/lib/plugins/gradle-reporting-2.2.1.jar" />
                  <option value="$USER_HOME$/.gradle/wrapper/dists/gradle-2.2.1-all/c64ydeuardnfqctvr1gm30w53/gradle-2.2.1/lib/plugins/gradle-resources-http-2.2.1.jar" />
                  <option value="$USER_HOME$/.gradle/wrapper/dists/gradle-2.2.1-all/c64ydeuardnfqctvr1gm30w53/gradle-2.2.1/lib/plugins/gradle-scala-2.2.1.jar" />
                  <option value="$USER_HOME$/.gradle/wrapper/dists/gradle-2.2.1-all/c64ydeuardnfqctvr1gm30w53/gradle-2.2.1/lib/plugins/gradle-signing-2.2.1.jar" />
                  <option value="$USER_HOME$/.gradle/wrapper/dists/gradle-2.2.1-all/c64ydeuardnfqctvr1gm30w53/gradle-2.2.1/lib/plugins/gradle-sonar-2.2.1.jar" />
                  <option value="$USER_HOME$/.gradle/wrapper/dists/gradle-2.2.1-all/c64ydeuardnfqctvr1gm30w53/gradle-2.2.1/lib/plugins/ivy-2.2.0.jar" />
                  <option value="$PROJECT_DIR$/buildSrc/src/main/java" />
                  <option value="$PROJECT_DIR$/buildSrc/src/main/groovy" />
                </list>
              </option>
            </ExternalProjectBuildClasspathPojo>
          </value>
        </entry>
      </map>
    </option>
  </component>
  <component name="IdeDocumentHistory">
    <option name="changedFiles">
      <list>
        <option value="$PROJECT_DIR$/app/build.gradle" />
        <option value="$PROJECT_DIR$/app/src/main/res/layout/zekerrow.xml" />
        <option value="$PROJECT_DIR$/app/src/main/res/layout/main.xml" />
        <option value="$PROJECT_DIR$/app/src/main/res/layout/zekerscreen.xml" />
      </list>
    </option>
  </component>
  <component name="ProjectFrameBounds">
    <option name="x" value="-8" />
    <option name="y" value="-8" />
    <option name="width" value="1382" />
    <option name="height" value="744" />
  </component>
  <component name="ProjectLevelVcsManager" settingsEditedManually="false">
    <OptionsSetting value="true" id="Add" />
    <OptionsSetting value="true" id="Remove" />
    <OptionsSetting value="true" id="Checkout" />
    <OptionsSetting value="true" id="Update" />
    <OptionsSetting value="true" id="Status" />
    <OptionsSetting value="true" id="Edit" />
    <ConfirmationsSetting value="0" id="Add" />
    <ConfirmationsSetting value="0" id="Remove" />
  </component>
  <component name="ProjectReloadState">
    <option name="STATE" value="2" />
  </component>
  <component name="ProjectView">
    <navigator currentView="AndroidView" proportions="" version="1">
      <flattenPackages />
      <showMembers />
      <showModules />
      <showLibraryContents />
      <hideEmptyPackages />
      <abbreviatePackageNames />
      <autoscrollToSource />
      <autoscrollFromSource />
      <sortByType />
    </navigator>
    <panes>
      <pane id="AndroidView">
        <subPane>
          <PATH>
            <PATH_ELEMENT>
              <option name="myItemId" value="Azkar" />
              <option name="myItemType" value="com.android.tools.idea.navigator.nodes.AndroidViewProjectNode" />
            </PATH_ELEMENT>
            <PATH_ELEMENT>
              <option name="myItemId" value="Gradle Scripts" />
              <option name="myItemType" value="com.android.tools.idea.navigator.nodes.AndroidBuildScriptsGroupNode" />
            </PATH_ELEMENT>
          </PATH>
          <PATH>
            <PATH_ELEMENT>
              <option name="myItemId" value="Azkar" />
              <option name="myItemType" value="com.android.tools.idea.navigator.nodes.AndroidViewProjectNode" />
            </PATH_ELEMENT>
            <PATH_ELEMENT>
              <option name="myItemId" value="app" />
              <option name="myItemType" value="com.android.tools.idea.navigator.nodes.AndroidModuleNode" />
            </PATH_ELEMENT>
          </PATH>
          <PATH>
            <PATH_ELEMENT>
              <option name="myItemId" value="Azkar" />
              <option name="myItemType" value="com.android.tools.idea.navigator.nodes.AndroidViewProjectNode" />
            </PATH_ELEMENT>
            <PATH_ELEMENT>
              <option name="myItemId" value="app" />
              <option name="myItemType" value="com.android.tools.idea.navigator.nodes.AndroidModuleNode" />
            </PATH_ELEMENT>
            <PATH_ELEMENT>
              <option name="myItemId" value="res" />
              <option name="myItemType" value="com.android.tools.idea.navigator.nodes.AndroidResFolderNode" />
            </PATH_ELEMENT>
          </PATH>
          <PATH>
            <PATH_ELEMENT>
              <option name="myItemId" value="Azkar" />
              <option name="myItemType" value="com.android.tools.idea.navigator.nodes.AndroidViewProjectNode" />
            </PATH_ELEMENT>
            <PATH_ELEMENT>
              <option name="myItemId" value="app" />
              <option name="myItemType" value="com.android.tools.idea.navigator.nodes.AndroidModuleNode" />
            </PATH_ELEMENT>
            <PATH_ELEMENT>
              <option name="myItemId" value="res" />
              <option name="myItemType" value="com.android.tools.idea.navigator.nodes.AndroidResFolderNode" />
            </PATH_ELEMENT>
            <PATH_ELEMENT>
              <option name="myItemId" value="layout" />
              <option name="myItemType" value="com.android.tools.idea.navigator.nodes.AndroidResFolderTypeNode" />
            </PATH_ELEMENT>
          </PATH>
        </subPane>
      </pane>
      <pane id="ProjectPane">
        <subPane>
          <PATH>
            <PATH_ELEMENT>
              <option name="myItemId" value="Azkar" />
              <option name="myItemType" value="com.intellij.ide.projectView.impl.nodes.ProjectViewProjectNode" />
            </PATH_ELEMENT>
          </PATH>
        </subPane>
      </pane>
      <pane id="Scope" />
      <pane id="PackagesPane" />
    </panes>
  </component>
  <component name="PropertiesComponent">
    <property name="GoToClass.includeLibraries" value="false" />
    <property name="GoToClass.toSaveIncludeLibraries" value="false" />
    <property name="GoToFile.includeJavaFiles" value="false" />
    <property name="MemberChooser.sorted" value="false" />
    <property name="MemberChooser.showClasses" value="true" />
    <property name="MemberChooser.copyJavadoc" value="false" />
    <property name="options.lastSelected" value="com.genymobile.genymotion.ide.idea.GdmSettings" />
    <property name="options.splitter.main.proportions" value="0.3" />
    <property name="options.splitter.details.proportions" value="0.2" />
    <property name="options.searchVisible" value="true" />
    <property name="recentsLimit" value="5" />
    <property name="ANDROID_EXTENDED_DEVICE_CHOOSER_SERIALS" value="192.168.56.101:5555" />
    <property name="ANDROID_EXTENDED_DEVICE_CHOOSER_AVD" value="android_avd" />
    <property name="LayoutCode.rearrangeEntriesXML" value="true" />
  </component>
  <component name="RunManager" selected="Android Application.app">
    <configuration default="true" type="JUnit" factoryName="JUnit">
      <module name="" />
      <option name="ALTERNATIVE_JRE_PATH_ENABLED" value="false" />
      <option name="ALTERNATIVE_JRE_PATH" />
      <option name="PACKAGE_NAME" />
      <option name="MAIN_CLASS_NAME" />
      <option name="METHOD_NAME" />
      <option name="TEST_OBJECT" value="class" />
      <option name="VM_PARAMETERS" value="-ea" />
      <option name="PARAMETERS" />
      <option name="WORKING_DIRECTORY" value="$PROJECT_DIR$" />
      <option name="ENV_VARIABLES" />
      <option name="PASS_PARENT_ENVS" value="true" />
      <option name="TEST_SEARCH_SCOPE">
        <value defaultName="moduleWithDependencies" />
      </option>
      <envs />
      <patterns />
      <method />
    </configuration>
    <configuration default="true" type="Remote" factoryName="Remote">
      <option name="USE_SOCKET_TRANSPORT" value="true" />
      <option name="SERVER_MODE" value="false" />
      <option name="SHMEM_ADDRESS" value="javadebug" />
      <option name="HOST" value="localhost" />
      <option name="PORT" value="5005" />
      <method />
    </configuration>
    <configuration default="true" type="AndroidRunConfigurationType" factoryName="Android Application">
      <module name="" />
      <option name="ACTIVITY_CLASS" value="" />
      <option name="MODE" value="default_activity" />
      <option name="DEPLOY" value="true" />
      <option name="ARTIFACT_NAME" value="" />
      <option name="TARGET_SELECTION_MODE" value="EMULATOR" />
      <option name="USE_LAST_SELECTED_DEVICE" value="false" />
      <option name="PREFERRED_AVD" value="" />
      <option name="USE_COMMAND_LINE" value="true" />
      <option name="COMMAND_LINE" value="" />
      <option name="WIPE_USER_DATA" value="false" />
      <option name="DISABLE_BOOT_ANIMATION" value="false" />
      <option name="NETWORK_SPEED" value="full" />
      <option name="NETWORK_LATENCY" value="none" />
      <option name="CLEAR_LOGCAT" value="false" />
      <option name="SHOW_LOGCAT_AUTOMATICALLY" value="true" />
      <option name="FILTER_LOGCAT_AUTOMATICALLY" value="true" />
      <method />
    </configuration>
    <configuration default="true" type="AndroidTestRunConfigurationType" factoryName="Android Tests">
      <module name="" />
      <option name="TESTING_TYPE" value="0" />
      <option name="INSTRUMENTATION_RUNNER_CLASS" value="" />
      <option name="METHOD_NAME" value="" />
      <option name="CLASS_NAME" value="" />
      <option name="PACKAGE_NAME" value="" />
      <option name="TARGET_SELECTION_MODE" value="EMULATOR" />
      <option name="USE_LAST_SELECTED_DEVICE" value="false" />
      <option name="PREFERRED_AVD" value="" />
      <option name="USE_COMMAND_LINE" value="true" />
      <option name="COMMAND_LINE" value="" />
      <option name="WIPE_USER_DATA" value="false" />
      <option name="DISABLE_BOOT_ANIMATION" value="false" />
      <option name="NETWORK_SPEED" value="full" />
      <option name="NETWORK_LATENCY" value="none" />
      <option name="CLEAR_LOGCAT" value="false" />
      <option name="SHOW_LOGCAT_AUTOMATICALLY" value="true" />
      <option name="FILTER_LOGCAT_AUTOMATICALLY" value="true" />
      <method />
    </configuration>
    <configuration default="true" type="Application" factoryName="Application">
      <option name="MAIN_CLASS_NAME" />
      <option name="VM_PARAMETERS" />
      <option name="PROGRAM_PARAMETERS" />
      <option name="WORKING_DIRECTORY" value="$PROJECT_DIR$" />
      <option name="ALTERNATIVE_JRE_PATH_ENABLED" value="false" />
      <option name="ALTERNATIVE_JRE_PATH" />
      <option name="ENABLE_SWING_INSPECTOR" value="false" />
      <option name="ENV_VARIABLES" />
      <option name="PASS_PARENT_ENVS" value="true" />
      <module name="" />
      <envs />
      <method />
    </configuration>
    <configuration default="true" type="TestNG" factoryName="TestNG">
      <module name="" />
      <option name="ALTERNATIVE_JRE_PATH_ENABLED" value="false" />
      <option name="ALTERNATIVE_JRE_PATH" />
      <option name="SUITE_NAME" />
      <option name="PACKAGE_NAME" />
      <option name="MAIN_CLASS_NAME" />
      <option name="METHOD_NAME" />
      <option name="GROUP_NAME" />
      <option name="TEST_OBJECT" value="CLASS" />
      <option name="VM_PARAMETERS" value="-ea" />
      <option name="PARAMETERS" />
      <option name="WORKING_DIRECTORY" value="$PROJECT_DIR$" />
      <option name="OUTPUT_DIRECTORY" />
      <option name="ANNOTATION_TYPE" />
      <option name="ENV_VARIABLES" />
      <option name="PASS_PARENT_ENVS" value="true" />
      <option name="TEST_SEARCH_SCOPE">
        <value defaultName="moduleWithDependencies" />
      </option>
      <option name="USE_DEFAULT_REPORTERS" value="false" />
      <option name="PROPERTIES_FILE" />
      <envs />
      <properties />
      <listeners />
      <method />
    </configuration>
    <configuration default="false" name="app" type="AndroidRunConfigurationType" factoryName="Android Application">
      <module name="app" />
      <option name="ACTIVITY_CLASS" value="" />
      <option name="MODE" value="default_activity" />
      <option name="DEPLOY" value="true" />
      <option name="ARTIFACT_NAME" value="" />
      <option name="TARGET_SELECTION_MODE" value="SHOW_DIALOG" />
      <option name="USE_LAST_SELECTED_DEVICE" value="true" />
      <option name="PREFERRED_AVD" value="" />
      <option name="USE_COMMAND_LINE" value="true" />
      <option name="COMMAND_LINE" value="" />
      <option name="WIPE_USER_DATA" value="false" />
      <option name="DISABLE_BOOT_ANIMATION" value="false" />
      <option name="NETWORK_SPEED" value="full" />
      <option name="NETWORK_LATENCY" value="none" />
      <option name="CLEAR_LOGCAT" value="false" />
      <option name="SHOW_LOGCAT_AUTOMATICALLY" value="true" />
      <option name="FILTER_LOGCAT_AUTOMATICALLY" value="true" />
      <RunnerSettings RunnerId="AndroidDebugRunner" />
      <ConfigurationWrapper RunnerId="AndroidDebugRunner" />
      <method />
    </configuration>
    <list size="1">
      <item index="0" class="java.lang.String" itemvalue="Android Application.app" />
    </list>
    <configuration name="&lt;template&gt;" type="#org.jetbrains.idea.devkit.run.PluginConfigurationType" default="true" selected="false">
      <option name="VM_PARAMETERS" value="-Xmx512m -Xms256m -XX:MaxPermSize=250m -ea" />
    </configuration>
    <configuration name="&lt;template&gt;" type="WebApp" default="true" selected="false">
      <Host>localhost</Host>
      <Port>5050</Port>
    </configuration>
  </component>
  <component name="ShelveChangesManager" show_recycled="false" />
  <component name="TaskManager">
    <task active="true" id="Default" summary="Default task">
      <changelist id="7042a6c6-6fec-4758-bc46-1efd436abdc6" name="Default" comment="" />
      <created>1420700800061</created>
      <updated>1420700800061</updated>
    </task>
    <servers />
  </component>
  <component name="ToolWindowManager">
    <frame x="-8" y="-8" width="1382" height="744" extended-state="1" />
    <editor active="true" />
    <layout>
      <window_info id="Changes" active="false" anchor="bottom" auto_hide="false" internal_type="DOCKED" type="DOCKED" visible="false" weight="0.33" sideWeight="0.5" order="16" side_tool="false" content_ui="tabs" />
      <window_info id="TODO" active="false" anchor="bottom" auto_hide="false" internal_type="DOCKED" type="DOCKED" visible="false" weight="0.33" sideWeight="0.5" order="6" side_tool="false" content_ui="tabs" />
      <window_info id="Palette" active="false" anchor="right" auto_hide="false" internal_type="DOCKED" type="DOCKED" visible="false" weight="0.33" sideWeight="0.5" order="7" side_tool="false" content_ui="tabs" />
      <window_info id="Messages" active="false" anchor="bottom" auto_hide="false" internal_type="DOCKED" type="DOCKED" visible="false" weight="0.30442178" sideWeight="0.5" order="9" side_tool="false" content_ui="tabs" />
      <window_info id="Build Variants" active="false" anchor="left" auto_hide="false" internal_type="DOCKED" type="DOCKED" visible="false" weight="0.33" sideWeight="0.5" order="2" side_tool="true" content_ui="tabs" />
      <window_info id="Palette&#9;" active="false" anchor="left" auto_hide="false" internal_type="DOCKED" type="DOCKED" visible="false" weight="0.33" sideWeight="0.5" order="4" side_tool="false" content_ui="tabs" />
      <window_info id="Commander" active="false" anchor="right" auto_hide="false" internal_type="SLIDING" type="SLIDING" visible="false" weight="0.4" sideWeight="0.5" order="1" side_tool="false" content_ui="tabs" />
      <window_info id="Event Log" active="false" anchor="bottom" auto_hide="false" internal_type="DOCKED" type="DOCKED" visible="true" weight="0.32993197" sideWeight="0.5" order="7" side_tool="true" content_ui="tabs" />
      <window_info id="Application Servers" active="false" anchor="bottom" auto_hide="false" internal_type="DOCKED" type="DOCKED" visible="false" weight="0.33" sideWeight="0.5" order="8" side_tool="false" content_ui="tabs" />
      <window_info id="Maven Projects" active="false" anchor="right" auto_hide="false" internal_type="DOCKED" type="DOCKED" visible="false" weight="0.33" sideWeight="0.5" order="4" side_tool="false" content_ui="tabs" />
      <window_info id="Preview" active="false" anchor="right" auto_hide="false" internal_type="DOCKED" type="DOCKED" visible="true" weight="0.40468988" sideWeight="0.5" order="0" side_tool="false" content_ui="tabs" />
      <window_info id="Run" active="false" anchor="bottom" auto_hide="false" internal_type="DOCKED" type="DOCKED" visible="false" weight="0.32993197" sideWeight="0.5" order="2" side_tool="false" content_ui="tabs" />
      <window_info id="Version Control" active="false" anchor="bottom" auto_hide="false" internal_type="DOCKED" type="DOCKED" visible="false" weight="0.33" sideWeight="0.5" order="10" side_tool="false" content_ui="tabs" />
      <window_info id="Terminal" active="false" anchor="bottom" auto_hide="false" internal_type="DOCKED" type="DOCKED" visible="false" weight="0.33" sideWeight="0.5" order="11" side_tool="false" content_ui="tabs" />
      <window_info id="Android" active="false" anchor="bottom" auto_hide="false" internal_type="DOCKED" type="DOCKED" visible="true" weight="0.32993197" sideWeight="0.5" order="12" side_tool="false" content_ui="tabs" />
      <window_info id="Gradle Console" active="false" anchor="bottom" auto_hide="false" internal_type="DOCKED" type="DOCKED" visible="false" weight="0.33" sideWeight="0.5" order="13" side_tool="true" content_ui="tabs" />
      <window_info id="Designer" active="false" anchor="right" auto_hide="false" internal_type="DOCKED" type="DOCKED" visible="false" weight="0.33" sideWeight="0.5" order="5" side_tool="false" content_ui="tabs" />
      <window_info id="Project" active="false" anchor="left" auto_hide="false" internal_type="DOCKED" type="DOCKED" visible="true" weight="0.24962178" sideWeight="0.5" order="0" side_tool="false" content_ui="combo" />
      <window_info id="Memory Monitor" active="false" anchor="bottom" auto_hide="false" internal_type="DOCKED" type="DOCKED" visible="false" weight="0.33" sideWeight="0.5" order="14" side_tool="true" content_ui="tabs" />
      <window_info id="Gradle" active="false" anchor="right" auto_hide="false" internal_type="DOCKED" type="DOCKED" visible="false" weight="0.33" sideWeight="0.5" order="6" side_tool="false" content_ui="tabs" />
      <window_info id="Structure" active="false" anchor="left" auto_hide="false" internal_type="DOCKED" type="DOCKED" visible="false" weight="0.25" sideWeight="0.5" order="1" side_tool="false" content_ui="tabs" />
      <window_info id="Mirror" active="false" anchor="bottom" auto_hide="false" internal_type="DOCKED" type="DOCKED" visible="false" weight="0.33" sideWeight="0.5" order="15" side_tool="false" content_ui="tabs" />
      <window_info id="Debug" active="false" anchor="bottom" auto_hide="false" internal_type="DOCKED" type="DOCKED" visible="false" weight="0.4" sideWeight="0.5" order="3" side_tool="false" content_ui="tabs" />
      <window_info id="Favorites" active="false" anchor="left" auto_hide="false" internal_type="DOCKED" type="DOCKED" visible="false" weight="0.33" sideWeight="0.5" order="3" side_tool="true" content_ui="tabs" />
      <window_info id="Cvs" active="false" anchor="bottom" auto_hide="false" internal_type="DOCKED" type="DOCKED" visible="false" weight="0.25" sideWeight="0.5" order="4" side_tool="false" content_ui="tabs" />
      <window_info id="Message" active="false" anchor="bottom" auto_hide="false" internal_type="DOCKED" type="DOCKED" visible="false" weight="0.33" sideWeight="0.5" order="0" side_tool="false" content_ui="tabs" />
      <window_info id="Hierarchy" active="false" anchor="right" auto_hide="false" internal_type="DOCKED" type="DOCKED" visible="false" weight="0.25" sideWeight="0.5" order="3" side_tool="false" content_ui="combo" />
      <window_info id="Ant Build" active="false" anchor="right" auto_hide="false" internal_type="DOCKED" type="DOCKED" visible="false" weight="0.25" sideWeight="0.5" order="2" side_tool="false" content_ui="tabs" />
      <window_info id="Inspection" active="false" anchor="bottom" auto_hide="false" internal_type="DOCKED" type="DOCKED" visible="false" weight="0.4" sideWeight="0.5" order="5" side_tool="false" content_ui="tabs" />
      <window_info id="Find" active="false" anchor="bottom" auto_hide="false" internal_type="DOCKED" type="DOCKED" visible="false" weight="0.33" sideWeight="0.5" order="1" side_tool="false" content_ui="tabs" />
    </layout>
  </component>
  <component name="Vcs.Log.UiProperties">
    <option name="RECENTLY_FILTERED_USER_GROUPS">
      <collection />
    </option>
    <option name="RECENTLY_FILTERED_BRANCH_GROUPS">
      <collection />
    </option>
  </component>
  <component name="VcsContentAnnotationSettings">
    <option name="myLimit" value="2678400000" />
  </component>
  <component name="VcsManagerConfiguration">
    <option name="myTodoPanelSettings">
      <TodoPanelSettings />
    </option>
  </component>
  <component name="XDebuggerManager">
    <breakpoint-manager>
      <option name="time" value="2" />
    </breakpoint-manager>
  </component>
  <component name="editorHistoryManager">
    <entry file="file://$PROJECT_DIR$/build.gradle">
      <provider selected="true" editor-type-id="text-editor">
        <state vertical-scroll-proportion="0.0" vertical-offset="0" max-vertical-offset="357">
          <caret line="0" column="0" selection-start-line="0" selection-start-column="0" selection-end-line="0" selection-end-column="0" />
          <folding />
        </state>
      </provider>
    </entry>
    <entry file="file://$PROJECT_DIR$/app/build.gradle">
      <provider selected="true" editor-type-id="text-editor">
        <state vertical-scroll-proportion="0.0" vertical-offset="323" max-vertical-offset="425">
          <caret line="19" column="0" selection-start-line="19" selection-start-column="0" selection-end-line="19" selection-end-column="0" />
          <folding />
        </state>
      </provider>
    </entry>
    <entry file="file://$PROJECT_DIR$/settings.gradle">
      <provider selected="true" editor-type-id="text-editor">
        <state vertical-scroll-proportion="0.0" vertical-offset="0" max-vertical-offset="119">
          <caret line="0" column="0" selection-start-line="0" selection-start-column="0" selection-end-line="0" selection-end-column="0" />
          <folding />
        </state>
      </provider>
    </entry>
    <entry file="file://$PROJECT_DIR$/import-summary.txt">
      <provider selected="true" editor-type-id="text-editor">
        <state vertical-scroll-proportion="0.3489736" vertical-offset="0" max-vertical-offset="1496">
          <caret line="7" column="22" selection-start-line="7" selection-start-column="22" selection-end-line="7" selection-end-column="22" />
        </state>
      </provider>
    </entry>
    <entry file="file://$PROJECT_DIR$/app/build.gradle">
      <provider selected="true" editor-type-id="text-editor">
        <state vertical-scroll-proportion="0.57678574" vertical-offset="0" max-vertical-offset="560">
          <caret line="19" column="0" selection-start-line="19" selection-start-column="0" selection-end-line="19" selection-end-column="0" />
          <folding />
        </state>
      </provider>
    </entry>
    <entry file="file://$PROJECT_DIR$/build.gradle">
      <provider selected="true" editor-type-id="text-editor">
        <state vertical-scroll-proportion="0.0" vertical-offset="0" max-vertical-offset="366">
          <caret line="0" column="0" selection-start-line="0" selection-start-column="0" selection-end-line="0" selection-end-column="0" />
          <folding />
        </state>
      </provider>
    </entry>
    <entry file="file://$PROJECT_DIR$/settings.gradle">
      <provider selected="true" editor-type-id="text-editor">
        <state vertical-scroll-proportion="0.0" vertical-offset="0" max-vertical-offset="366">
          <caret line="0" column="0" selection-start-line="0" selection-start-column="0" selection-end-line="0" selection-end-column="0" />
          <folding />
        </state>
      </provider>
    </entry>
    <entry file="file://$PROJECT_DIR$/app/src/main/res/layout/zekerrow.xml">
      <provider editor-type-id="android-designer">
        <state />
      </provider>
      <provider selected="true" editor-type-id="text-editor">
        <state vertical-scroll-proportion="-7.5555553" vertical-offset="0" max-vertical-offset="306">
          <caret line="12" column="15" selection-start-line="12" selection-start-column="15" selection-end-line="12" selection-end-column="15" />
          <folding />
        </state>
      </provider>
    </entry>
    <entry file="file://$PROJECT_DIR$/app/src/main/java/sd/waleed/android/ZekerScreen.java">
      <provider selected="true" editor-type-id="text-editor">
        <state vertical-scroll-proportion="0.0" vertical-offset="970" max-vertical-offset="1530">
          <caret line="89" column="4" selection-start-line="89" selection-start-column="4" selection-end-line="89" selection-end-column="4" />
          <folding />
        </state>
      </provider>
    </entry>
    <entry file="file://$PROJECT_DIR$/app/src/main/res/layout/main.xml">
      <provider editor-type-id="android-designer">
        <state />
      </provider>
      <provider selected="true" editor-type-id="text-editor">
        <state vertical-scroll-proportion="-2.5185184" vertical-offset="0" max-vertical-offset="37502">
          <caret line="4" column="24" selection-start-line="4" selection-start-column="24" selection-end-line="4" selection-end-column="33" />
          <folding>
            <element signature="e#676#691#0" expanded="true" />
            <element signature="e#1743#1772#0" expanded="true" />
            <element signature="e#2399#2420#0" expanded="true" />
            <element signature="e#3044#3062#0" expanded="true" />
            <element signature="e#3692#3716#0" expanded="true" />
            <element signature="e#4346#4370#0" expanded="true" />
            <element signature="e#4998#5020#0" expanded="true" />
            <element signature="e#5645#5664#0" expanded="true" />
            <element signature="e#6290#6310#0" expanded="true" />
            <element signature="e#6935#6954#0" expanded="true" />
            <element signature="e#7578#7596#0" expanded="true" />
            <element signature="e#8221#8240#0" expanded="true" />
            <element signature="e#8864#8882#0" expanded="true" />
            <element signature="e#9509#9530#0" expanded="true" />
            <element signature="e#10156#10176#0" expanded="true" />
            <element signature="e#10796#10810#0" expanded="true" />
            <element signature="e#11433#11450#0" expanded="true" />
            <element signature="e#12070#12084#0" expanded="true" />
            <element signature="e#12708#12726#0" expanded="true" />
            <element signature="e#13347#13362#0" expanded="true" />
            <element signature="e#13992#14016#0" expanded="true" />
            <element signature="e#14643#14664#0" expanded="true" />
            <element signature="e#15288#15306#0" expanded="true" />
            <element signature="e#15935#15958#0" expanded="true" />
            <element signature="e#16591#16618#0" expanded="true" />
            <element signature="e#17244#17264#0" expanded="true" />
            <element signature="e#17888#17906#0" expanded="true" />
            <element signature="e#18532#18552#0" expanded="true" />
            <element signature="e#19173#19188#0" expanded="true" />
            <element signature="e#19811#19828#0" expanded="true" />
            <element signature="e#20455#20476#0" expanded="true" />
            <element signature="e#21096#21110#0" expanded="true" />
            <element signature="e#21738#21760#0" expanded="true" />
            <element signature="e#22390#22414#0" expanded="true" />
            <element signature="e#23035#23050#0" expanded="true" />
            <element signature="e#23671#23686#0" expanded="true" />
            <element signature="e#24306#24320#0" expanded="true" />
            <element signature="e#24950#24974#0" expanded="true" />
            <element signature="e#25599#25618#0" expanded="true" />
            <element signature="e#26244#26264#0" expanded="true" />
            <element signature="e#26892#26914#0" expanded="true" />
            <element signature="e#27541#27562#0" expanded="true" />
            <element signature="e#28192#28216#0" expanded="true" />
            <element signature="e#28841#28860#0" expanded="true" />
            <element signature="e#29483#29500#0" expanded="true" />
            <element signature="e#30129#30152#0" expanded="true" />
            <element signature="e#30778#30798#0" expanded="true" />
            <element signature="e#31421#31438#0" expanded="true" />
            <element signature="e#32069#32094#0" expanded="true" />
            <element signature="e#32723#32746#0" expanded="true" />
            <element signature="e#33378#33404#0" expanded="true" />
            <element signature="e#34037#34064#0" expanded="true" />
            <element signature="e#34688#34706#0" expanded="true" />
            <element signature="e#35329#35346#0" expanded="true" />
            <element signature="e#35974#35996#0" expanded="true" />
            <element signature="e#36628#36654#0" expanded="true" />
            <element signature="e#37281#37302#0" expanded="true" />
            <element signature="e#37924#37939#0" expanded="true" />
            <element signature="e#38568#38590#0" expanded="true" />
            <element signature="e#39216#39235#0" expanded="true" />
            <element signature="e#39865#39888#0" expanded="true" />
            <element signature="e#40509#40523#0" expanded="true" />
            <element signature="e#41144#41158#0" expanded="true" />
            <element signature="e#41783#41801#0" expanded="true" />
            <element signature="e#42423#42438#0" expanded="true" />
            <element signature="e#43065#43085#0" expanded="true" />
            <element signature="e#43710#43728#0" expanded="true" />
            <element signature="e#44350#44365#0" expanded="true" />
            <element signature="e#44995#45018#0" expanded="true" />
            <element signature="e#45646#45667#0" expanded="true" />
            <element signature="e#46295#46316#0" expanded="true" />
            <element signature="e#46953#46983#0" expanded="true" />
            <element signature="e#47609#47628#0" expanded="true" />
            <element signature="e#48257#48279#0" expanded="true" />
            <element signature="e#48908#48930#0" expanded="true" />
            <element signature="e#49557#49577#0" expanded="true" />
            <element signature="e#50208#50232#0" expanded="true" />
            <element signature="e#50853#50867#0" expanded="true" />
            <element signature="e#51495#51516#0" expanded="true" />
            <element signature="e#52144#52165#0" expanded="true" />
            <element signature="e#52796#52820#0" expanded="true" />
            <element signature="e#53445#53463#0" expanded="true" />
            <element signature="e#54085#54100#0" expanded="true" />
            <element signature="e#54729#54751#0" expanded="true" />
            <element signature="e#55376#55394#0" expanded="true" />
            <element signature="e#56024#56047#0" expanded="true" />
            <element signature="e#56679#56704#0" expanded="true" />
            <element signature="e#57333#57355#0" expanded="true" />
            <element signature="e#57984#58006#0" expanded="true" />
            <element signature="e#58635#58657#0" expanded="true" />
            <element signature="e#59287#59310#0" expanded="true" />
            <element signature="e#59943#59969#0" expanded="true" />
            <element signature="e#60599#60622#0" expanded="true" />
            <element signature="e#61257#61285#0" expanded="true" />
            <element signature="e#61915#61938#0" expanded="true" />
            <element signature="e#62566#62587#0" expanded="true" />
            <element signature="e#63209#63224#0" expanded="true" />
            <element signature="e#63851#63871#0" expanded="true" />
            <element signature="e#64497#64516#0" expanded="true" />
            <element signature="e#65146#65169#0" expanded="true" />
            <element signature="e#65801#65826#0" expanded="true" />
            <element signature="e#66458#66483#0" expanded="true" />
            <element signature="e#67113#67136#0" expanded="true" />
            <element signature="e#67767#67791#0" expanded="true" />
            <element signature="e#68417#68437#0" expanded="true" />
            <element signature="e#69064#69085#0" expanded="true" />
            <element signature="e#69718#69745#0" expanded="true" />
            <element signature="e#70379#70407#0" expanded="true" />
            <element signature="e#71036#71059#0" expanded="true" />
            <element signature="e#71689#71713#0" expanded="true" />
            <element signature="e#72339#72359#0" expanded="true" />
            <element signature="e#72987#73009#0" expanded="true" />
            <element signature="e#73634#73653#0" expanded="true" />
            <element signature="e#74278#74297#0" expanded="true" />
            <element signature="e#74923#74943#0" expanded="true" />
            <element signature="e#75572#75595#0" expanded="true" />
            <element signature="e#76223#76245#0" expanded="true" />
            <element signature="e#76878#76905#0" expanded="true" />
            <element signature="e#77539#77567#0" expanded="true" />
            <element signature="e#78188#78203#0" expanded="true" />
            <element signature="e#78830#78851#0" expanded="true" />
            <element signature="e#79478#79499#0" expanded="true" />
            <element signature="e#80122#80139#0" expanded="true" />
            <element signature="e#80764#80783#0" expanded="true" />
            <element signature="e#81404#81419#0" expanded="true" />
            <element signature="e#82047#82069#0" expanded="true" />
            <element signature="e#82694#82713#0" expanded="true" />
            <element signature="e#83333#83347#0" expanded="true" />
            <element signature="e#83980#84007#0" expanded="true" />
            <element signature="e#84637#84661#0" expanded="true" />
            <element signature="e#85288#85309#0" expanded="true" />
            <element signature="e#85941#85967#0" expanded="true" />
            <element signature="e#86597#86621#0" expanded="true" />
          </folding>
        </state>
      </provider>
    </entry>
    <entry file="file://$PROJECT_DIR$/app/src/main/res/layout/zekerscreen.xml">
      <provider editor-type-id="android-designer">
        <state />
      </provider>
      <provider selected="true" editor-type-id="text-editor">
        <state vertical-scroll-proportion="0.9386503" vertical-offset="0" max-vertical-offset="493">
          <caret line="18" column="15" selection-start-line="18" selection-start-column="15" selection-end-line="18" selection-end-column="15" />
          <folding />
        </state>
      </provider>
    </entry>
  </component>
</project>

